item,sum,mean,count
50,793299,43.44463307776561,18260
49,781694,42.80909090909091,18260
48,769598,42.146659364731654,18260
47,759651,41.601916757940856,18260
46,750427,41.096768893756845,18260
45,738778,40.45881708652793,18260
44,729488,39.95005476451259,18260
43,717829,39.31155531215772,18260
42,706806,38.7078860898138,18260
41,697231,38.18351588170865,18260
40,686826,37.61369112814896,18260
39,675588,36.99824753559693,18260
38,666860,36.52026286966046,18260
37,655632,35.90536692223439,18260
36,646638,35.41281489594743,18260
35,634778,34.76330777656079,18260
34,625183,34.23784227820372,18260
33,614527,33.654271631982475,18260
32,604079,33.08209200438116,18260
31,593478,32.501533406352685,18260
30,582268,31.88762322015334,18260
29,573423,31.403231106243155,18260
28,561724,30.762541073384448,18260
27,553569,30.31593647316539,18260
26,541933,29.67869660460022,18260
25,531333,29.09819277108434,18260
24,520405,28.499726177437022,18260
23,509677,27.91221248630887,18260
22,500897,27.431380065717416,18260
21,488828,26.770427163198246,18260
20,481031,26.3434282584885,18260
19,469061,25.68789704271632,18260
18,458696,25.12026286966046,18260
17,446679,24.462157721796277,18260
16,436483,23.903778751369114,18260
15,426303,23.346276013143484,18260
14,416787,22.82513691128149,18260
13,407481,22.315498357064623,18260
12,396060,21.690032858707557,18260
11,385328,21.102300109529025,18260
10,375668,20.57327491785323,18260
9,365685,20.026560788608982,18260
8,353882,19.380175246440306,18260
7,344320,18.856516976998904,18260
6,333191,18.247042716319825,18260
5,323282,17.704381161007667,18260
4,312544,17.11631982475356,18260
3,300887,16.477929901423877,18260
2,290568,15.912814895947426,18260
1,280876,15.382037239868565,18260
