month,sales
2013-01,444330
2013-02,423241
2013-03,486831
2013-04,464610
2013-05,470759
2013-06,436510
2013-07,418287
2013-08,399731
2013-09,370718
2013-10,382913
2013-11,386155
2013-12,417249
2014-01,458505
2014-02,435648
2014-03,496679
2014-04,477689
2014-05,484000
2014-06,442402
2014-07,429973
2014-08,410493
2014-09,378614
2014-10,393378
2014-11,396762
2014-12,427358
2015-01,472712
2015-02,445623
2015-03,504821
2015-04,491866
2015-05,498744
2015-06,450962
2015-07,442484
2015-08,418746
2015-09,388773
2015-10,405689
2015-11,403574
2015-12,439542
2016-01,484302
2016-02,470971
2016-03,517383
2016-04,504582
2016-05,504506
2016-06,464513
2016-07,455356
2016-08,424379
2016-09,399807
2016-10,413721
2016-11,411640
2016-12,454372
2017-01,491449
2017-02,466336
2017-03,531789
2017-04,517515
2017-05,513322
2017-06,476365
2017-07,463317
2017-08,434692
2017-09,412010
2017-10,420965
2017-11,421729
2017-12,465867
